Name,Matthew,Kimberly,Aditi
Mercy,<audio controls preload='none'><source src='./Voices/1/mercy.mp3'></audio>,<audio controls preload='none'><source src='./Voices/2/mercy.mp3'></audio>,<audio controls preload='none'><source src='./Voices/3/mercy.mp3'></audio>
Caleb,<audio controls preload='none'><source src='./Voices/1/caleb.mp3'></audio>,<audio controls preload='none'><source src='./Voices/2/caleb.mp3'></audio>,<audio controls preload='none'><source src='./Voices/3/caleb.mp3'></audio>
Barbara,<audio controls preload='none'><source src='./Voices/1/barbara.mp3'></audio>,<audio controls preload='none'><source src='./Voices/2/barbara.mp3'></audio>,<audio controls preload='none'><source src='./Voices/3/barbara.mp3'></audio>
Mohan,<audio controls preload='none'><source src='./Voices/1/mohan.mp3'></audio>,<audio controls preload='none'><source src='./Voices/2/mohan.mp3'></audio>,<audio controls preload='none'><source src='./Voices/3/mohan.mp3'></audio>
Mauricio,<audio controls preload='none'><source src='./Voices/1/mauricio.mp3'></audio>,<audio controls preload='none'><source src='./Voices/2/mauricio.mp3'></audio>,<audio controls preload='none'><source src='./Voices/3/mauricio.mp3'></audio>
Ansar,<audio controls preload='none'><source src='./Voices/1/ansar.mp3'></audio>,<audio controls preload='none'><source src='./Voices/2/ansar.mp3'></audio>,<audio controls preload='none'><source src='./Voices/3/ansar.mp3'></audio>
Vishakh,<audio controls preload='none'><source src='./Voices/1/vishakh.mp3'></audio>,<audio controls preload='none'><source src='./Voices/2/vishakh.mp3'></audio>,<audio controls preload='none'><source src='./Voices/3/vishakh.mp3'></audio>
Thiyagu,<audio controls preload='none'><source src='./Voices/1/thiyagu.mp3'></audio>,<audio controls preload='none'><source src='./Voices/2/thiyagu.mp3'></audio>,<audio controls preload='none'><source src='./Voices/3/thiyagu.mp3'></audio>
Heather,<audio controls preload='none'><source src='./Voices/1/heather.mp3'></audio>,<audio controls preload='none'><source src='./Voices/2/heather.mp3'></audio>,<audio controls preload='none'><source src='./Voices/3/heather.mp3'></audio>
Cheikh,<audio controls preload='none'><source src='./Voices/1/cheikh.mp3'></audio>,<audio controls preload='none'><source src='./Voices/2/cheikh.mp3'></audio>,<audio controls preload='none'><source src='./Voices/3/cheikh.mp3'></audio>
Lydon,<audio controls preload='none'><source src='./Voices/1/lydon.mp3'></audio>,<audio controls preload='none'><source src='./Voices/2/lydon.mp3'></audio>,<audio controls preload='none'><source src='./Voices/3/lydon.mp3'></audio>
Hanoch,<audio controls preload='none'><source src='./Voices/1/hanoch.mp3'></audio>,<audio controls preload='none'><source src='./Voices/2/hanoch.mp3'></audio>,<audio controls preload='none'><source src='./Voices/3/hanoch.mp3'></audio>
Jon,<audio controls preload='none'><source src='./Voices/1/jon.mp3'></audio>,<audio controls preload='none'><source src='./Voices/2/jon.mp3'></audio>,<audio controls preload='none'><source src='./Voices/3/jon.mp3'></audio>
Anise,<audio controls preload='none'><source src='./Voices/1/anise.mp3'></audio>,<audio controls preload='none'><source src='./Voices/2/anise.mp3'></audio>,<audio controls preload='none'><source src='./Voices/3/anise.mp3'></audio>
Andie,<audio controls preload='none'><source src='./Voices/1/andie.mp3'></audio>,<audio controls preload='none'><source src='./Voices/2/andie.mp3'></audio>,<audio controls preload='none'><source src='./Voices/3/andie.mp3'></audio>
Hong,<audio controls preload='none'><source src='./Voices/1/hong.mp3'></audio>,<audio controls preload='none'><source src='./Voices/2/hong.mp3'></audio>,<audio controls preload='none'><source src='./Voices/3/hong.mp3'></audio>
Glenna,<audio controls preload='none'><source src='./Voices/1/glenna.mp3'></audio>,<audio controls preload='none'><source src='./Voices/2/glenna.mp3'></audio>,<audio controls preload='none'><source src='./Voices/3/glenna.mp3'></audio>
Velarnie,<audio controls preload='none'><source src='./Voices/1/velarnie.mp3'></audio>,<audio controls preload='none'><source src='./Voices/2/velarnie.mp3'></audio>,<audio controls preload='none'><source src='./Voices/3/velarnie.mp3'></audio>
Valli,<audio controls preload='none'><source src='./Voices/1/valli.mp3'></audio>,<audio controls preload='none'><source src='./Voices/2/valli.mp3'></audio>,<audio controls preload='none'><source src='./Voices/3/valli.mp3'></audio>
Murugesan,<audio controls preload='none'><source src='./Voices/1/murugesan.mp3'></audio>,<audio controls preload='none'><source src='./Voices/2/murugesan.mp3'></audio>,<audio controls preload='none'><source src='./Voices/3/murugesan.mp3'></audio>
Judith,<audio controls preload='none'><source src='./Voices/1/judith.mp3'></audio>,<audio controls preload='none'><source src='./Voices/2/judith.mp3'></audio>,<audio controls preload='none'><source src='./Voices/3/judith.mp3'></audio>
Ricardo,<audio controls preload='none'><source src='./Voices/1/ricardo.mp3'></audio>,<audio controls preload='none'><source src='./Voices/2/ricardo.mp3'></audio>,<audio controls preload='none'><source src='./Voices/3/ricardo.mp3'></audio>
Geet,<audio controls preload='none'><source src='./Voices/1/geet.mp3'></audio>,<audio controls preload='none'><source src='./Voices/2/geet.mp3'></audio>,<audio controls preload='none'><source src='./Voices/3/geet.mp3'></audio>
Lance,<audio controls preload='none'><source src='./Voices/1/lance.mp3'></audio>,<audio controls preload='none'><source src='./Voices/2/lance.mp3'></audio>,<audio controls preload='none'><source src='./Voices/3/lance.mp3'></audio>
Anne,<audio controls preload='none'><source src='./Voices/1/anne.mp3'></audio>,<audio controls preload='none'><source src='./Voices/2/anne.mp3'></audio>,<audio controls preload='none'><source src='./Voices/3/anne.mp3'></audio>
Janaki,<audio controls preload='none'><source src='./Voices/1/janaki.mp3'></audio>,<audio controls preload='none'><source src='./Voices/2/janaki.mp3'></audio>,<audio controls preload='none'><source src='./Voices/3/janaki.mp3'></audio>
Liliani,<audio controls preload='none'><source src='./Voices/1/liliani.mp3'></audio>,<audio controls preload='none'><source src='./Voices/2/liliani.mp3'></audio>,<audio controls preload='none'><source src='./Voices/3/liliani.mp3'></audio>
Slavik,<audio controls preload='none'><source src='./Voices/1/slavik.mp3'></audio>,<audio controls preload='none'><source src='./Voices/2/slavik.mp3'></audio>,<audio controls preload='none'><source src='./Voices/3/slavik.mp3'></audio>
Raj,<audio controls preload='none'><source src='./Voices/1/raj.mp3'></audio>,<audio controls preload='none'><source src='./Voices/2/raj.mp3'></audio>,<audio controls preload='none'><source src='./Voices/3/raj.mp3'></audio>
Saritha,<audio controls preload='none'><source src='./Voices/1/saritha.mp3'></audio>,<audio controls preload='none'><source src='./Voices/2/saritha.mp3'></audio>,<audio controls preload='none'><source src='./Voices/3/saritha.mp3'></audio>
Gregg,<audio controls preload='none'><source src='./Voices/1/gregg.mp3'></audio>,<audio controls preload='none'><source src='./Voices/2/gregg.mp3'></audio>,<audio controls preload='none'><source src='./Voices/3/gregg.mp3'></audio>
Subhojit,<audio controls preload='none'><source src='./Voices/1/subhojit.mp3'></audio>,<audio controls preload='none'><source src='./Voices/2/subhojit.mp3'></audio>,<audio controls preload='none'><source src='./Voices/3/subhojit.mp3'></audio>
Austin,<audio controls preload='none'><source src='./Voices/1/austin.mp3'></audio>,<audio controls preload='none'><source src='./Voices/2/austin.mp3'></audio>,<audio controls preload='none'><source src='./Voices/3/austin.mp3'></audio>
Ratna,<audio controls preload='none'><source src='./Voices/1/ratna.mp3'></audio>,<audio controls preload='none'><source src='./Voices/2/ratna.mp3'></audio>,<audio controls preload='none'><source src='./Voices/3/ratna.mp3'></audio>
Aneeshiya,<audio controls preload='none'><source src='./Voices/1/aneeshiya.mp3'></audio>,<audio controls preload='none'><source src='./Voices/2/aneeshiya.mp3'></audio>,<audio controls preload='none'><source src='./Voices/3/aneeshiya.mp3'></audio>
Nahja,<audio controls preload='none'><source src='./Voices/1/nahja.mp3'></audio>,<audio controls preload='none'><source src='./Voices/2/nahja.mp3'></audio>,<audio controls preload='none'><source src='./Voices/3/nahja.mp3'></audio>
Catherine,<audio controls preload='none'><source src='./Voices/1/catherine.mp3'></audio>,<audio controls preload='none'><source src='./Voices/2/catherine.mp3'></audio>,<audio controls preload='none'><source src='./Voices/3/catherine.mp3'></audio>
Kala,<audio controls preload='none'><source src='./Voices/1/kala.mp3'></audio>,<audio controls preload='none'><source src='./Voices/2/kala.mp3'></audio>,<audio controls preload='none'><source src='./Voices/3/kala.mp3'></audio>
Ryan,<audio controls preload='none'><source src='./Voices/1/ryan.mp3'></audio>,<audio controls preload='none'><source src='./Voices/2/ryan.mp3'></audio>,<audio controls preload='none'><source src='./Voices/3/ryan.mp3'></audio>
Fatimah,<audio controls preload='none'><source src='./Voices/1/fatimah.mp3'></audio>,<audio controls preload='none'><source src='./Voices/2/fatimah.mp3'></audio>,<audio controls preload='none'><source src='./Voices/3/fatimah.mp3'></audio>
Aliecia,<audio controls preload='none'><source src='./Voices/1/aliecia.mp3'></audio>,<audio controls preload='none'><source src='./Voices/2/aliecia.mp3'></audio>,<audio controls preload='none'><source src='./Voices/3/aliecia.mp3'></audio>
Yair,<audio controls preload='none'><source src='./Voices/1/yair.mp3'></audio>,<audio controls preload='none'><source src='./Voices/2/yair.mp3'></audio>,<audio controls preload='none'><source src='./Voices/3/yair.mp3'></audio>
Mousumi,<audio controls preload='none'><source src='./Voices/1/mousumi.mp3'></audio>,<audio controls preload='none'><source src='./Voices/2/mousumi.mp3'></audio>,<audio controls preload='none'><source src='./Voices/3/mousumi.mp3'></audio>
Kalaivani,<audio controls preload='none'><source src='./Voices/1/kalaivani.mp3'></audio>,<audio controls preload='none'><source src='./Voices/2/kalaivani.mp3'></audio>,<audio controls preload='none'><source src='./Voices/3/kalaivani.mp3'></audio>
Lynda,<audio controls preload='none'><source src='./Voices/1/lynda.mp3'></audio>,<audio controls preload='none'><source src='./Voices/2/lynda.mp3'></audio>,<audio controls preload='none'><source src='./Voices/3/lynda.mp3'></audio>
Hemraj,<audio controls preload='none'><source src='./Voices/1/hemraj.mp3'></audio>,<audio controls preload='none'><source src='./Voices/2/hemraj.mp3'></audio>,<audio controls preload='none'><source src='./Voices/3/hemraj.mp3'></audio>
Sarath,<audio controls preload='none'><source src='./Voices/1/sarath.mp3'></audio>,<audio controls preload='none'><source src='./Voices/2/sarath.mp3'></audio>,<audio controls preload='none'><source src='./Voices/3/sarath.mp3'></audio>
Martin,<audio controls preload='none'><source src='./Voices/1/martin.mp3'></audio>,<audio controls preload='none'><source src='./Voices/2/martin.mp3'></audio>,<audio controls preload='none'><source src='./Voices/3/martin.mp3'></audio>
Harleen,<audio controls preload='none'><source src='./Voices/1/harleen.mp3'></audio>,<audio controls preload='none'><source src='./Voices/2/harleen.mp3'></audio>,<audio controls preload='none'><source src='./Voices/3/harleen.mp3'></audio>
Kishen,<audio controls preload='none'><source src='./Voices/1/kishen.mp3'></audio>,<audio controls preload='none'><source src='./Voices/2/kishen.mp3'></audio>,<audio controls preload='none'><source src='./Voices/3/kishen.mp3'></audio>
Srinivasan,<audio controls preload='none'><source src='./Voices/1/srinivasan.mp3'></audio>,<audio controls preload='none'><source src='./Voices/2/srinivasan.mp3'></audio>,<audio controls preload='none'><source src='./Voices/3/srinivasan.mp3'></audio>
Shermal,<audio controls preload='none'><source src='./Voices/1/shermal.mp3'></audio>,<audio controls preload='none'><source src='./Voices/2/shermal.mp3'></audio>,<audio controls preload='none'><source src='./Voices/3/shermal.mp3'></audio>
Alp,<audio controls preload='none'><source src='./Voices/1/alp.mp3'></audio>,<audio controls preload='none'><source src='./Voices/2/alp.mp3'></audio>,<audio controls preload='none'><source src='./Voices/3/alp.mp3'></audio>
Brad,<audio controls preload='none'><source src='./Voices/1/brad.mp3'></audio>,<audio controls preload='none'><source src='./Voices/2/brad.mp3'></audio>,<audio controls preload='none'><source src='./Voices/3/brad.mp3'></audio>
Ottis,<audio controls preload='none'><source src='./Voices/1/ottis.mp3'></audio>,<audio controls preload='none'><source src='./Voices/2/ottis.mp3'></audio>,<audio controls preload='none'><source src='./Voices/3/ottis.mp3'></audio>
Cunqi,<audio controls preload='none'><source src='./Voices/1/cunqi.mp3'></audio>,<audio controls preload='none'><source src='./Voices/2/cunqi.mp3'></audio>,<audio controls preload='none'><source src='./Voices/3/cunqi.mp3'></audio>
Muthu,<audio controls preload='none'><source src='./Voices/1/muthu.mp3'></audio>,<audio controls preload='none'><source src='./Voices/2/muthu.mp3'></audio>,<audio controls preload='none'><source src='./Voices/3/muthu.mp3'></audio>
Thulasi,<audio controls preload='none'><source src='./Voices/1/thulasi.mp3'></audio>,<audio controls preload='none'><source src='./Voices/2/thulasi.mp3'></audio>,<audio controls preload='none'><source src='./Voices/3/thulasi.mp3'></audio>
Benedict,<audio controls preload='none'><source src='./Voices/1/benedict.mp3'></audio>,<audio controls preload='none'><source src='./Voices/2/benedict.mp3'></audio>,<audio controls preload='none'><source src='./Voices/3/benedict.mp3'></audio>
Abdihakim,<audio controls preload='none'><source src='./Voices/1/abdihakim.mp3'></audio>,<audio controls preload='none'><source src='./Voices/2/abdihakim.mp3'></audio>,<audio controls preload='none'><source src='./Voices/3/abdihakim.mp3'></audio>
Donovan,<audio controls preload='none'><source src='./Voices/1/donovan.mp3'></audio>,<audio controls preload='none'><source src='./Voices/2/donovan.mp3'></audio>,<audio controls preload='none'><source src='./Voices/3/donovan.mp3'></audio>
Charisse,<audio controls preload='none'><source src='./Voices/1/charisse.mp3'></audio>,<audio controls preload='none'><source src='./Voices/2/charisse.mp3'></audio>,<audio controls preload='none'><source src='./Voices/3/charisse.mp3'></audio>
Shaquoia,<audio controls preload='none'><source src='./Voices/1/shaquoia.mp3'></audio>,<audio controls preload='none'><source src='./Voices/2/shaquoia.mp3'></audio>,<audio controls preload='none'><source src='./Voices/3/shaquoia.mp3'></audio>
Lino,<audio controls preload='none'><source src='./Voices/1/lino.mp3'></audio>,<audio controls preload='none'><source src='./Voices/2/lino.mp3'></audio>,<audio controls preload='none'><source src='./Voices/3/lino.mp3'></audio>
Mallory,<audio controls preload='none'><source src='./Voices/1/mallory.mp3'></audio>,<audio controls preload='none'><source src='./Voices/2/mallory.mp3'></audio>,<audio controls preload='none'><source src='./Voices/3/mallory.mp3'></audio>
Prabandha,<audio controls preload='none'><source src='./Voices/1/prabandha.mp3'></audio>,<audio controls preload='none'><source src='./Voices/2/prabandha.mp3'></audio>,<audio controls preload='none'><source src='./Voices/3/prabandha.mp3'></audio>
Bart,<audio controls preload='none'><source src='./Voices/1/bart.mp3'></audio>,<audio controls preload='none'><source src='./Voices/2/bart.mp3'></audio>,<audio controls preload='none'><source src='./Voices/3/bart.mp3'></audio>
Chihwei,<audio controls preload='none'><source src='./Voices/1/chihwei.mp3'></audio>,<audio controls preload='none'><source src='./Voices/2/chihwei.mp3'></audio>,<audio controls preload='none'><source src='./Voices/3/chihwei.mp3'></audio>
Arif,<audio controls preload='none'><source src='./Voices/1/arif.mp3'></audio>,<audio controls preload='none'><source src='./Voices/2/arif.mp3'></audio>,<audio controls preload='none'><source src='./Voices/3/arif.mp3'></audio>
Mounikha,<audio controls preload='none'><source src='./Voices/1/mounikha.mp3'></audio>,<audio controls preload='none'><source src='./Voices/2/mounikha.mp3'></audio>,<audio controls preload='none'><source src='./Voices/3/mounikha.mp3'></audio>
Mahendar,<audio controls preload='none'><source src='./Voices/1/mahendar.mp3'></audio>,<audio controls preload='none'><source src='./Voices/2/mahendar.mp3'></audio>,<audio controls preload='none'><source src='./Voices/3/mahendar.mp3'></audio>
Nancy,<audio controls preload='none'><source src='./Voices/1/nancy.mp3'></audio>,<audio controls preload='none'><source src='./Voices/2/nancy.mp3'></audio>,<audio controls preload='none'><source src='./Voices/3/nancy.mp3'></audio>
Darcel,<audio controls preload='none'><source src='./Voices/1/darcel.mp3'></audio>,<audio controls preload='none'><source src='./Voices/2/darcel.mp3'></audio>,<audio controls preload='none'><source src='./Voices/3/darcel.mp3'></audio>
Daisy,<audio controls preload='none'><source src='./Voices/1/daisy.mp3'></audio>,<audio controls preload='none'><source src='./Voices/2/daisy.mp3'></audio>,<audio controls preload='none'><source src='./Voices/3/daisy.mp3'></audio>
Mihai,<audio controls preload='none'><source src='./Voices/1/mihai.mp3'></audio>,<audio controls preload='none'><source src='./Voices/2/mihai.mp3'></audio>,<audio controls preload='none'><source src='./Voices/3/mihai.mp3'></audio>
Nirisha,<audio controls preload='none'><source src='./Voices/1/nirisha.mp3'></audio>,<audio controls preload='none'><source src='./Voices/2/nirisha.mp3'></audio>,<audio controls preload='none'><source src='./Voices/3/nirisha.mp3'></audio>
Shadena,<audio controls preload='none'><source src='./Voices/1/shadena.mp3'></audio>,<audio controls preload='none'><source src='./Voices/2/shadena.mp3'></audio>,<audio controls preload='none'><source src='./Voices/3/shadena.mp3'></audio>
Madhav,<audio controls preload='none'><source src='./Voices/1/madhav.mp3'></audio>,<audio controls preload='none'><source src='./Voices/2/madhav.mp3'></audio>,<audio controls preload='none'><source src='./Voices/3/madhav.mp3'></audio>
Sally,<audio controls preload='none'><source src='./Voices/1/sally.mp3'></audio>,<audio controls preload='none'><source src='./Voices/2/sally.mp3'></audio>,<audio controls preload='none'><source src='./Voices/3/sally.mp3'></audio>
Cari,<audio controls preload='none'><source src='./Voices/1/cari.mp3'></audio>,<audio controls preload='none'><source src='./Voices/2/cari.mp3'></audio>,<audio controls preload='none'><source src='./Voices/3/cari.mp3'></audio>
Dionne,<audio controls preload='none'><source src='./Voices/1/dionne.mp3'></audio>,<audio controls preload='none'><source src='./Voices/2/dionne.mp3'></audio>,<audio controls preload='none'><source src='./Voices/3/dionne.mp3'></audio>
Gavisiddeshwar,<audio controls preload='none'><source src='./Voices/1/gavisiddeshwar.mp3'></audio>,<audio controls preload='none'><source src='./Voices/2/gavisiddeshwar.mp3'></audio>,<audio controls preload='none'><source src='./Voices/3/gavisiddeshwar.mp3'></audio>
Kyle,<audio controls preload='none'><source src='./Voices/1/kyle.mp3'></audio>,<audio controls preload='none'><source src='./Voices/2/kyle.mp3'></audio>,<audio controls preload='none'><source src='./Voices/3/kyle.mp3'></audio>
Shijithra,<audio controls preload='none'><source src='./Voices/1/shijithra.mp3'></audio>,<audio controls preload='none'><source src='./Voices/2/shijithra.mp3'></audio>,<audio controls preload='none'><source src='./Voices/3/shijithra.mp3'></audio>
Mahathi,<audio controls preload='none'><source src='./Voices/1/mahathi.mp3'></audio>,<audio controls preload='none'><source src='./Voices/2/mahathi.mp3'></audio>,<audio controls preload='none'><source src='./Voices/3/mahathi.mp3'></audio>
Krutanjali,<audio controls preload='none'><source src='./Voices/1/krutanjali.mp3'></audio>,<audio controls preload='none'><source src='./Voices/2/krutanjali.mp3'></audio>,<audio controls preload='none'><source src='./Voices/3/krutanjali.mp3'></audio>
Marcy,<audio controls preload='none'><source src='./Voices/1/marcy.mp3'></audio>,<audio controls preload='none'><source src='./Voices/2/marcy.mp3'></audio>,<audio controls preload='none'><source src='./Voices/3/marcy.mp3'></audio>
Soumyajit,<audio controls preload='none'><source src='./Voices/1/soumyajit.mp3'></audio>,<audio controls preload='none'><source src='./Voices/2/soumyajit.mp3'></audio>,<audio controls preload='none'><source src='./Voices/3/soumyajit.mp3'></audio>
Gert,<audio controls preload='none'><source src='./Voices/1/gert.mp3'></audio>,<audio controls preload='none'><source src='./Voices/2/gert.mp3'></audio>,<audio controls preload='none'><source src='./Voices/3/gert.mp3'></audio>
Vidya,<audio controls preload='none'><source src='./Voices/1/vidya.mp3'></audio>,<audio controls preload='none'><source src='./Voices/2/vidya.mp3'></audio>,<audio controls preload='none'><source src='./Voices/3/vidya.mp3'></audio>
Santosh,<audio controls preload='none'><source src='./Voices/1/santosh.mp3'></audio>,<audio controls preload='none'><source src='./Voices/2/santosh.mp3'></audio>,<audio controls preload='none'><source src='./Voices/3/santosh.mp3'></audio>
Renganayaki,<audio controls preload='none'><source src='./Voices/1/renganayaki.mp3'></audio>,<audio controls preload='none'><source src='./Voices/2/renganayaki.mp3'></audio>,<audio controls preload='none'><source src='./Voices/3/renganayaki.mp3'></audio>
Bindiya,<audio controls preload='none'><source src='./Voices/1/bindiya.mp3'></audio>,<audio controls preload='none'><source src='./Voices/2/bindiya.mp3'></audio>,<audio controls preload='none'><source src='./Voices/3/bindiya.mp3'></audio>
Sudhakar,<audio controls preload='none'><source src='./Voices/1/sudhakar.mp3'></audio>,<audio controls preload='none'><source src='./Voices/2/sudhakar.mp3'></audio>,<audio controls preload='none'><source src='./Voices/3/sudhakar.mp3'></audio>
Gani,<audio controls preload='none'><source src='./Voices/1/gani.mp3'></audio>,<audio controls preload='none'><source src='./Voices/2/gani.mp3'></audio>,<audio controls preload='none'><source src='./Voices/3/gani.mp3'></audio>
Alimoddin,<audio controls preload='none'><source src='./Voices/1/alimoddin.mp3'></audio>,<audio controls preload='none'><source src='./Voices/2/alimoddin.mp3'></audio>,<audio controls preload='none'><source src='./Voices/3/alimoddin.mp3'></audio>
Praylay,<audio controls preload='none'><source src='./Voices/1/praylay.mp3'></audio>,<audio controls preload='none'><source src='./Voices/2/praylay.mp3'></audio>,<audio controls preload='none'><source src='./Voices/3/praylay.mp3'></audio>
Bing,<audio controls preload='none'><source src='./Voices/1/bing.mp3'></audio>,<audio controls preload='none'><source src='./Voices/2/bing.mp3'></audio>,<audio controls preload='none'><source src='./Voices/3/bing.mp3'></audio>
Damion,<audio controls preload='none'><source src='./Voices/1/damion.mp3'></audio>,<audio controls preload='none'><source src='./Voices/2/damion.mp3'></audio>,<audio controls preload='none'><source src='./Voices/3/damion.mp3'></audio>
Hariharasuthan,<audio controls preload='none'><source src='./Voices/1/hariharasuthan.mp3'></audio>,<audio controls preload='none'><source src='./Voices/2/hariharasuthan.mp3'></audio>,<audio controls preload='none'><source src='./Voices/3/hariharasuthan.mp3'></audio>
Dereck,<audio controls preload='none'><source src='./Voices/1/dereck.mp3'></audio>,<audio controls preload='none'><source src='./Voices/2/dereck.mp3'></audio>,<audio controls preload='none'><source src='./Voices/3/dereck.mp3'></audio>
Pandian,<audio controls preload='none'><source src='./Voices/1/pandian.mp3'></audio>,<audio controls preload='none'><source src='./Voices/2/pandian.mp3'></audio>,<audio controls preload='none'><source src='./Voices/3/pandian.mp3'></audio>
Alejandra,<audio controls preload='none'><source src='./Voices/1/alejandra.mp3'></audio>,<audio controls preload='none'><source src='./Voices/2/alejandra.mp3'></audio>,<audio controls preload='none'><source src='./Voices/3/alejandra.mp3'></audio>
Deola,<audio controls preload='none'><source src='./Voices/1/deola.mp3'></audio>,<audio controls preload='none'><source src='./Voices/2/deola.mp3'></audio>,<audio controls preload='none'><source src='./Voices/3/deola.mp3'></audio>
Vinaykumar,<audio controls preload='none'><source src='./Voices/1/vinaykumar.mp3'></audio>,<audio controls preload='none'><source src='./Voices/2/vinaykumar.mp3'></audio>,<audio controls preload='none'><source src='./Voices/3/vinaykumar.mp3'></audio>
Warren,<audio controls preload='none'><source src='./Voices/1/warren.mp3'></audio>,<audio controls preload='none'><source src='./Voices/2/warren.mp3'></audio>,<audio controls preload='none'><source src='./Voices/3/warren.mp3'></audio>
Doretha,<audio controls preload='none'><source src='./Voices/1/doretha.mp3'></audio>,<audio controls preload='none'><source src='./Voices/2/doretha.mp3'></audio>,<audio controls preload='none'><source src='./Voices/3/doretha.mp3'></audio>
Ronnie,<audio controls preload='none'><source src='./Voices/1/ronnie.mp3'></audio>,<audio controls preload='none'><source src='./Voices/2/ronnie.mp3'></audio>,<audio controls preload='none'><source src='./Voices/3/ronnie.mp3'></audio>
Rome,<audio controls preload='none'><source src='./Voices/1/rome.mp3'></audio>,<audio controls preload='none'><source src='./Voices/2/rome.mp3'></audio>,<audio controls preload='none'><source src='./Voices/3/rome.mp3'></audio>
Lynne,<audio controls preload='none'><source src='./Voices/1/lynne.mp3'></audio>,<audio controls preload='none'><source src='./Voices/2/lynne.mp3'></audio>,<audio controls preload='none'><source src='./Voices/3/lynne.mp3'></audio>
Tejaswini,<audio controls preload='none'><source src='./Voices/1/tejaswini.mp3'></audio>,<audio controls preload='none'><source src='./Voices/2/tejaswini.mp3'></audio>,<audio controls preload='none'><source src='./Voices/3/tejaswini.mp3'></audio>
Sivaranjani,<audio controls preload='none'><source src='./Voices/1/sivaranjani.mp3'></audio>,<audio controls preload='none'><source src='./Voices/2/sivaranjani.mp3'></audio>,<audio controls preload='none'><source src='./Voices/3/sivaranjani.mp3'></audio>
Raina,<audio controls preload='none'><source src='./Voices/1/raina.mp3'></audio>,<audio controls preload='none'><source src='./Voices/2/raina.mp3'></audio>,<audio controls preload='none'><source src='./Voices/3/raina.mp3'></audio>
Alejandra,<audio controls preload='none'><source src='./Voices/1/alejandra.mp3'></audio>,<audio controls preload='none'><source src='./Voices/2/alejandra.mp3'></audio>,<audio controls preload='none'><source src='./Voices/3/alejandra.mp3'></audio>
Deola,<audio controls preload='none'><source src='./Voices/1/deola.mp3'></audio>,<audio controls preload='none'><source src='./Voices/2/deola.mp3'></audio>,<audio controls preload='none'><source src='./Voices/3/deola.mp3'></audio>
Vinaykumar,<audio controls preload='none'><source src='./Voices/1/vinaykumar.mp3'></audio>,<audio controls preload='none'><source src='./Voices/2/vinaykumar.mp3'></audio>,<audio controls preload='none'><source src='./Voices/3/vinaykumar.mp3'></audio>
Warren,<audio controls preload='none'><source src='./Voices/1/warren.mp3'></audio>,<audio controls preload='none'><source src='./Voices/2/warren.mp3'></audio>,<audio controls preload='none'><source src='./Voices/3/warren.mp3'></audio>
Doretha,<audio controls preload='none'><source src='./Voices/1/doretha.mp3'></audio>,<audio controls preload='none'><source src='./Voices/2/doretha.mp3'></audio>,<audio controls preload='none'><source src='./Voices/3/doretha.mp3'></audio>
Ayushi,<audio controls preload='none'><source src='./Voices/1/ayushi.mp3'></audio>,<audio controls preload='none'><source src='./Voices/2/ayushi.mp3'></audio>,<audio controls preload='none'><source src='./Voices/3/ayushi.mp3'></audio>
Ronnie,<audio controls preload='none'><source src='./Voices/1/ronnie.mp3'></audio>,<audio controls preload='none'><source src='./Voices/2/ronnie.mp3'></audio>,<audio controls preload='none'><source src='./Voices/3/ronnie.mp3'></audio>
Rome,<audio controls preload='none'><source src='./Voices/1/rome.mp3'></audio>,<audio controls preload='none'><source src='./Voices/2/rome.mp3'></audio>,<audio controls preload='none'><source src='./Voices/3/rome.mp3'></audio>
Lynne,<audio controls preload='none'><source src='./Voices/1/lynne.mp3'></audio>,<audio controls preload='none'><source src='./Voices/2/lynne.mp3'></audio>,<audio controls preload='none'><source src='./Voices/3/lynne.mp3'></audio>
Tejaswini,<audio controls preload='none'><source src='./Voices/1/tejaswini.mp3'></audio>,<audio controls preload='none'><source src='./Voices/2/tejaswini.mp3'></audio>,<audio controls preload='none'><source src='./Voices/3/tejaswini.mp3'></audio>
Sivaranjani,<audio controls preload='none'><source src='./Voices/1/sivaranjani.mp3'></audio>,<audio controls preload='none'><source src='./Voices/2/sivaranjani.mp3'></audio>,<audio controls preload='none'><source src='./Voices/3/sivaranjani.mp3'></audio>
Raina,<audio controls preload='none'><source src='./Voices/1/raina.mp3'></audio>,<audio controls preload='none'><source src='./Voices/2/raina.mp3'></audio>,<audio controls preload='none'><source src='./Voices/3/raina.mp3'></audio>
